-- phpMyAdmin SQL Dump
-- version 3.5.2
-- http://www.phpmyadmin.net
--
-- Host: ap01-user01.c0ye1hvnkw6z.ap-southeast-1.rds.amazonaws.com
-- Generation Time: Mar 12, 2015 at 02:18 AM
-- Server version: 5.5.40-log
-- PHP Version: 5.3.10-1ubuntu3.8

SET SQL_MODE="NO_AUTO_VALUE_ON_ZERO";
SET time_zone = "+00:00";


/*!40101 SET @OLD_CHARACTER_SET_CLIENT=@@CHARACTER_SET_CLIENT */;
/*!40101 SET @OLD_CHARACTER_SET_RESULTS=@@CHARACTER_SET_RESULTS */;
/*!40101 SET @OLD_COLLATION_CONNECTION=@@COLLATION_CONNECTION */;
/*!40101 SET NAMES utf8 */;

--
-- Database: `d83a847283d1f4d86a88d2b1acd207543`
--
CREATE DATABASE `d83a847283d1f4d86a88d2b1acd207543` DEFAULT CHARACTER SET utf8 COLLATE utf8_unicode_ci;
USE `d83a847283d1f4d86a88d2b1acd207543`;

-- --------------------------------------------------------

--
-- Table structure for table `author`
--

CREATE TABLE IF NOT EXISTS `author` (
  `pic_no` int(20) NOT NULL,
  `user_no` int(20) NOT NULL
) ENGINE=MyISAM DEFAULT CHARSET=utf8;

--
-- Dumping data for table `author`
--

INSERT INTO `author` (`pic_no`, `user_no`) VALUES
(4, 5),
(3, 5),
(2, 1),
(1, 4),
(5, 5),
(6, 4),
(7, 1),
(8, 1),
(9, 1),
(10, 6),
(11, 6),
(12, 7),
(13, 7),
(14, 6),
(15, 7),
(16, 6),
(17, 8),
(18, 9),
(19, 10),
(20, 10),
(21, 10),
(22, 10),
(23, 11);

-- --------------------------------------------------------

--
-- Table structure for table `brush`
--

CREATE TABLE IF NOT EXISTS `brush` (
  `brush_id` int(10) NOT NULL,
  `width` int(10) NOT NULL
) ENGINE=MyISAM DEFAULT CHARSET=utf8;

--
-- Dumping data for table `brush`
--

INSERT INTO `brush` (`brush_id`, `width`) VALUES
(0, 1),
(1, 3),
(2, 5),
(3, 7),
(4, 9),
(5, 11);

-- --------------------------------------------------------

--
-- Table structure for table `brush_pic`
--

CREATE TABLE IF NOT EXISTS `brush_pic` (
  `pic_no` int(20) NOT NULL,
  `order` int(10) NOT NULL,
  `path` text NOT NULL,
  `brush_no` int(10) NOT NULL,
  `color_no` int(20) NOT NULL
) ENGINE=MyISAM DEFAULT CHARSET=utf8;

--
-- Dumping data for table `brush_pic`
--

INSERT INTO `brush_pic` (`pic_no`, `order`, `path`, `brush_no`, `color_no`) VALUES
(1, 1, 'M385 186 L386 190 L387 194 L388 194 L388 195 L388 198 L388 204 L390 215 L391 226 L394 233 L395 237 L395 241 L395 243 L395 241 L396 240 ', 2, 7),
(1, 2, 'M460 178 L460 178 L467 197 L468 207 L470 215 L470 222 L472 227 L473 229 L474 231 L474 233 L475 234 L476 235 ', 2, 7),
(1, 3, 'M389 289 L390 291 L407 300 L416 300 L422 300 L432 298 L444 294 L455 288 L463 284 L471 279 L476 275 L481 269 L483 264 L485 261 L486 257 L487 255 L488 253 L491 249 L492 248 L492 247 ', 2, 7),
(1, 0, 'M389 178 L389 178 L303 223 L302 228 L300 233 L300 238 L301 247 L305 257 L310 269 L316 281 L320 288 L333 301 L346 308 L355 312 L364 318 L369 319 L373 319 L378 320 L388 323 L399 324 L412 325 L424 327 L428 329 L433 329 L442 329 L459 329 L480 326 L506 320 L532 312 L558 299 L579 285 L592 271 L604 258 L609 248 L614 237 L617 223 L617 213 L617 203 L616 192 L616 184 L612 179 L606 173 L590 166 L577 162 L568 158 L559 155 L551 154 L519 154 L498 154 L485 154 L478 154 L471 154 L459 154 L446 154 L437 154 L430 156 L427 157 L421 161 L405 168 L386 177 L380 179 L376 182 L373 185 L370 187 L369 187 L368 188 ', 2, 7),
(1, 4, 'M340 186 L340 186 L339 162 L323 150 L307 138 L292 130 L285 126 L282 125 L276 123 L268 122 L261 121 L257 121 ', 2, 7),
(1, 5, 'M392 142 L393 142 L385 121 L385 117 L382 111 L381 103 L380 98 L377 93 L377 91 L377 89 L377 88 L377 85 L377 83 L377 80 L377 79 L378 77 ', 2, 7),
(1, 6, 'M445 130 L448 134 L448 107 L448 94 L448 84 L448 79 L448 78 ', 2, 7),
(1, 7, 'M485 151 L485 151 L486 145 L486 141 L487 134 L495 119 L507 106 L514 95 L526 83 L536 77 L541 74 L546 72 L549 70 L550 69 ', 2, 7),
(1, 8, 'M645 285 L645 287 L651 321 L658 344 L659 365 L663 382 L664 392 L665 395 L668 392 L669 388 L670 381 L677 367 L681 360 L684 357 L689 355 L692 355 L693 355 L694 355 L697 358 L698 362 L699 365 L699 367 L698 371 L698 372 ', 2, 7),
(1, 9, 'M721 362 L724 367 L733 367 L736 367 L738 363 L740 356 L741 352 L741 346 L741 341 L741 337 L740 335 L737 335 L735 336 L732 339 L730 344 L727 349 L727 354 L727 360 L727 368 L727 371 L727 374 L731 376 L742 376 L757 371 L773 370 L788 367 L789 367 ', 2, 7),
(1, 10, 'M791 348 L792 348 L798 360 L798 363 L800 365 L801 365 L804 365 L806 365 L807 365 L808 363 L810 362 ', 2, 7),
(1, 11, 'M830 326 L831 329 L816 371 L811 383 L803 396 L798 416 L791 433 L785 449 L779 458 L775 464 L774 464 L774 460 L774 454 ', 2, 7),
(1, 12, 'M753 165 L753 165 L737 159 L734 151 L731 132 L731 118 L731 104 L736 93 L742 86 L753 83 L765 83 L777 85 L787 96 L788 109 L788 120 L784 130 L778 144 L772 156 L765 167 L753 177 L746 182 L737 192 L734 198 L734 210 L734 217 L734 225 L736 232 L746 244 L757 252 L760 255 L762 257 L764 257 ', 1, 7),
(1, 13, 'M159 161 L159 161 L159 217 L159 229 L159 251 L159 267 L159 274 L159 283 L159 292 L157 302 L157 308 L157 313 L157 315 L151 316 L147 315 L139 314 L117 308 L103 303 L99 299 L99 289 L99 274 L99 263 L99 256 L114 250 L135 250 L160 250 L182 250 L199 250 L211 250 L218 251 L222 253 L229 255 L236 257 L240 259 ', 5, 7),
(1, 14, 'M325 262 L327 264 L336 276 L338 279 L339 284 L342 289 L344 290 L345 290 L346 290 L347 290 ', 5, 0),
(1, 15, 'M346 262 L346 265 L354 276 L357 278 L360 280 L361 280 L362 280 ', 5, 0),
(1, 16, 'M370 259 L371 260 L385 272 L385 273 L387 273 L388 273 ', 5, 0),
(1, 17, 'M518 227 L520 227 L531 257 L533 260 L535 262 ', 5, 0),
(1, 18, 'M260 319 L260 319 L245 343 L244 348 L244 352 L261 357 L288 363 L308 367 L321 368 L331 368 L346 368 L359 368 L364 368 L365 368 L365 367 L365 364 L365 360 L365 355 L365 350 L364 344 L360 342 L351 339 L338 335 L328 335 L321 335 L313 344 L307 359 L304 370 L303 376 L300 383 L295 388 ', 2, 7),
(1, 19, 'M150 430 L150 430 L144 425 L143 423 L141 421 L133 410 L123 392 L123 386 L123 363 L128 354 L153 344 L185 341 L217 341 L247 341 L271 340 L305 334 L325 330 L332 328 L336 325 L337 319 L337 317 ', 2, 7),
(1, 20, 'M388 291 L388 291 L409 317 L420 327 L455 347 L481 360 L488 365 L489 365 L490 365 L492 365 L495 367 L499 369 L505 371 L520 373 ', 2, 7),
(1, 21, 'M612 189 L612 189 L600 190 L596 192 L588 198 L583 202 L578 207 L574 209 L572 212 L571 214 L570 217 L569 220 L568 222 L568 226 L566 232 L564 236 L563 240 L563 241 L563 243 L565 245 L567 247 L570 249 L573 251 L576 252 L577 253 L579 253 L579 254 L578 255 L574 257 L568 261 L554 272 L537 283 L523 293 L512 302 L508 306 L508 308 L508 309 L510 310 L514 311 L519 312 L526 313 L531 315 L533 317 L534 317 L534 318 ', 0, 0),
(2, 0, 'M559 38 L559 40 L560 48 L560 52 L560 54 L560 56 L560 60 L560 61 L560 63 L560 68 L560 70 L560 73 L560 76 L560 77 L560 79 L560 81 L560 82 L560 88 L560 93 L560 97 L559 98 L559 111 L559 116 L559 118 L559 119 L559 121 L559 123 L559 125 L559 129 L559 133 L559 137 L559 139 L559 143 L559 146 L559 150 L559 152 L559 154 L559 157 L559 159 L559 160 L559 163 L559 165 L559 167 L559 169 L559 171 L559 174 L559 176 L559 178 L559 179 L559 181 L559 184 L559 185 L559 186 L559 188 L559 190 L559 194 L559 197 L559 200 L559 203 L559 206 L559 208 L559 210 L559 211 L559 214 L559 215 L559 216 L559 217 L559 219 L559 222 L559 224 L559 225 L559 228 L559 229 L559 230 L559 231 L559 232 L559 233 L559 235 L559 238 L559 242 L559 245 L559 247 L559 249 L559 254 L559 258 L556 262 L556 266 L555 269 L552 275 L552 277 L550 279 L550 280 L549 282 L549 283 L547 285 L547 288 L544 292 L543 295 L540 300 L539 303 L536 308 L535 311 L534 312 L534 313 L534 314 L534 315 L535 315 L537 314 L539 312 L540 312 L544 309 L548 307 L548 306 L549 306 L551 306 L554 304 L554 303 L555 303 L558 303 L560 303 L561 301 L565 301 L567 301 L569 300 L571 300 ', 2, 7),
(2, 1, 'M569 300 L575 300 L575 307 L575 315 L575 318 L575 320 L575 322 L575 324 L575 326 L575 328 L575 331 L575 333 L575 338 L575 340 L575 343 L576 347 L576 350 L576 354 L576 356 L576 358 L576 360 L576 362 L576 363 L576 364 ', 2, 7),
(2, 2, 'M493 398 L494 398 L495 398 L496 396 L501 394 L507 393 L515 391 L526 387 L538 386 L550 384 L564 383 L587 380 L611 376 L623 374 L632 374 L641 374 L651 374 L659 374 L664 374 L670 374 L674 374 L675 374 L679 373 L681 371 L689 370 L693 370 L699 370 L704 370 L720 370 L728 370 L736 370 L743 370 L746 370 ', 2, 7),
(2, 3, 'M512 389 L512 390 L512 395 L512 399 L512 404 L512 410 L512 411 L512 414 L513 416 L514 419 L515 422 L516 427 L518 430 L521 434 L522 435 L523 436 L524 437 L526 440 L526 441 L529 444 L531 445 L534 446 L534 447 L536 448 L537 448 L540 449 L544 450 L547 451 L553 452 L558 454 L580 458 L593 459 L605 461 L616 461 L623 461 L631 464 L636 464 L639 465 L641 466 L645 466 L650 466 L656 466 L674 466 L684 466 L693 466 L700 466 L708 466 L714 466 L720 466 L725 466 L729 466 L731 466 L734 466 L737 465 L739 464 L740 464 L742 462 L743 461 L744 459 L744 456 L746 444 ', 2, 7),
(2, 4, 'M579 87 L579 91 L579 101 L579 134 L583 151 L585 159 L586 160 L587 160 L587 158 L589 155 ', 2, 7),
(2, 5, 'M577 107 L577 107 L577 106 L578 103 L583 100 L604 95 L621 94 L640 94 L665 94 L684 94 L703 94 L715 94 L724 94 L727 94 L728 97 L728 106 L728 128 L728 140 L728 151 L728 160 L728 170 L728 178 L728 184 L728 190 L728 192 L728 194 L728 195 L727 196 L721 196 L682 192 L656 187 L622 184 L598 178 L570 173 L566 171 L567 167 L574 165 ', 2, 7),
(2, 6, 'M732 157 L732 157 L747 149 L768 149 L783 149 L798 149 L811 149 L820 149 L823 149 L824 149 L826 151 L826 153 L826 159 L828 170 L828 186 L828 189 L828 193 L828 195 L828 198 L828 199 L827 200 L827 201 L826 202 L824 202 ', 2, 7),
(2, 7, 'M540 62 L540 62 L501 53 L473 50 L434 48 L404 48 L385 48 L373 48 L370 48 L369 48 L368 49 ', 2, 7),
(2, 8, 'M618 48 L618 48 L618 45 L612 42 L584 31 L559 23 L532 17 L504 12 L457 5 L444 5 L437 5 L431 5 L427 6 L426 7 L429 9 ', 2, 7),
(2, 9, 'M645 29 L645 29 L639 24 L631 20 L611 10 L594 4 L591 4 L591 3 L590 3 L588 1 ', 2, 7),
(2, 10, 'M735 31 L735 31 L733 31 L729 27 L719 14 L714 6 L711 2 L709 -3 L707 -5 ', 2, 7),
(2, 11, 'M830 46 L830 46 L841 64 L857 83 L864 92 L873 102 L876 107 L881 113 L882 118 L884 122 L886 128 L890 137 L892 141 L893 149 L893 156 L893 163 L893 171 L893 186 L893 194 L893 200 L893 208 L893 222 L893 226 L893 233 L893 238 L892 245 L888 252 L888 259 L886 270 L884 279 L883 286 L879 299 L877 306 L874 315 L872 322 L869 331 L868 338 L868 346 L865 353 L865 366 L862 375 L862 379 L862 384 L860 389 L859 395 L857 398 L854 406 L853 412 L851 419 L848 430 L847 436 L846 439 L846 440 L846 444 L845 448 L843 457 L843 460 L842 466 L842 475 L840 477 L840 478 L840 480 L840 482 L840 483 L840 486 L840 490 L840 498 L840 501 L840 503 L840 507 L843 513 L843 517 L844 519 L845 521 L845 523 L846 525 ', 2, 7),
(2, 12, 'M714 470 L714 472 L718 485 L720 494 L720 498 L720 500 L720 501 L720 503 L720 509 L720 510 L720 512 L720 513 L720 514 ', 2, 7),
(2, 13, 'M171 111 L171 111 L158 184 L158 197 L167 237 L171 239 L210 220 L235 200 L349 108 L372 89 L389 65 L283 64 L152 104 L137 165 L154 239 L195 261 L209 261 L224 261 L303 232 L322 222 L388 174 L388 172 L333 169 L91 267 L66 289 L53 306 L50 355 L54 363 L83 378 L92 378 L104 378 L212 336 L244 317 L319 248 L322 237 ', 2, 7),
(2, 14, 'M257 382 L260 383 L256 389 L246 424 L246 428 L307 431 L352 423 L474 379 L478 372 L465 338 L458 335 L444 331 ', 2, 7),
(2, 15, 'M201 207 L202 207 L230 244 L244 259 L329 299 L343 299 L359 299 L410 277 L419 271 L427 236 L307 197 L288 197 L263 206 L261 211 L274 282 L294 288 L465 285 L513 275 L556 262 L587 252 L602 239 L602 237 L599 236 L468 263 L405 282 L348 302 L265 357 L266 366 L296 360 L334 346 L435 310 ', 2, 1),
(2, 16, 'M446 142 L446 142 L407 239 L393 349 L395 356 L401 364 L410 353 L382 346 L320 346 L114 360 L128 360 L149 358 L473 264 L535 245 L634 215 L625 215 L608 220 L403 299 L391 305 L384 307 L614 253 L705 240 L865 216 L749 250 L545 340 L538 344 L533 348 L582 312 L614 296 L832 250 L838 250 L797 298 L770 315 L670 389 L665 393 L664 394 L665 394 L829 331 L886 317 L1037 275 ', 3, 1),
(8, 16, 'M125 68 L125 69 L139 81 L148 86 L153 88 L155 91 L156 91 ', 2, 7),
(8, 17, 'M125 131 L126 131 L133 129 L134 128 L137 128 L148 128 L162 128 L170 128 L172 128 ', 2, 7),
(8, 18, 'M124 187 L124 190 L124 191 L130 191 L136 189 L144 185 L153 179 L167 167 L183 156 L197 147 L205 139 L206 138 L207 138 ', 2, 7),
(8, 19, 'M227 35 L227 37 L219 57 L215 69 L212 75 L203 92 L199 98 L198 101 ', 2, 7),
(8, 20, 'M231 68 L231 68 L232 67 L234 66 L235 66 L241 65 L248 63 L257 62 L266 60 L287 60 L310 60 L323 61 L325 62 L325 63 L325 65 L325 74 L325 76 L322 82 L318 90 L316 95 L311 102 ', 2, 7),
(8, 21, 'M226 148 L227 148 L233 146 L239 143 L256 136 L272 129 L285 124 L296 122 L302 121 L303 121 L303 121 L302 123 L300 125 L298 128 L293 135 L286 146 L274 160 L261 175 L254 184 L250 189 L249 190 L249 192 L248 192 ', 2, 7),
(8, 22, 'M244 157 L244 157 L255 158 L257 161 L264 166 L273 172 L284 181 L300 192 L316 198 L320 199 L321 199 L321 200 ', 2, 7),
(8, 23, 'M179 226 L181 226 L197 238 L203 243 L206 246 L207 246 L208 246 L210 246 ', 2, 7),
(8, 24, 'M259 228 L261 229 L256 234 L252 236 L246 240 L239 244 L229 249 L220 252 L208 255 ', 2, 7),
(8, 25, 'M180 266 L182 266 L211 266 L229 266 L245 266 L257 266 L260 266 ', 2, 7),
(8, 26, 'M196 290 L198 290 L238 290 L265 285 L276 282 L278 281 L279 280 L278 278 L275 278 ', 2, 7),
(8, 27, 'M230 274 L230 274 L221 289 L220 292 L219 296 L216 304 L214 307 L210 311 L208 313 L207 313 L206 313 L204 314 ', 2, 7),
(8, 28, 'M141 318 L142 318 L160 317 L171 317 L205 317 L241 317 L277 317 L302 317 L320 314 L333 312 L338 311 L340 310 L337 310 ', 2, 7),
(8, 29, 'M203 315 L203 317 L185 344 L168 363 L154 380 L149 388 L143 398 L133 413 L126 421 L124 428 L124 430 L124 428 ', 2, 7),
(8, 30, 'M203 368 L203 368 L205 367 L206 366 L217 362 L238 358 L258 357 L281 355 L308 351 L328 349 L332 349 ', 2, 7),
(8, 31, 'M263 377 L263 377 L261 388 L260 392 L260 400 L256 408 L256 413 L255 417 L255 419 L255 420 L254 421 L253 421 L252 421 ', 2, 7),
(8, 32, 'M168 427 L172 427 L184 427 L190 427 L202 427 L235 427 L304 427 L341 427 L363 425 L377 425 L392 425 L395 424 L396 423 ', 2, 7),
(10, 0, 'M294 170 L294 170 L259 182 L250 185 L245 187 L242 189 L230 208 L230 214 L230 220 L230 228 L230 239 L230 246 L233 253 L239 261 L243 264 L247 268 L252 271 L258 274 L261 275 L268 276 L279 278 L294 279 L307 283 L318 283 L332 283 L349 283 L371 283 L391 283 L405 283 L415 283 L426 283 L430 283 L435 282 L440 280 L441 280 L443 280 L447 280 L456 280 L459 280 L463 280 L466 280 L470 281 L470 285 L470 290 L470 303 L470 312 L470 321 L470 328 L468 335 L465 341 L461 346 L452 349 ', 2, 7),
(10, 1, 'M356 337 L356 337 L367 320 L370 314 L383 294 L399 277 L414 258 L429 243 L441 231 L454 218 L461 211 L469 205 L481 197 L485 194 L501 188 L512 183 L521 179 L530 176 L536 173 L543 171 L547 170 L552 169 L557 167 L563 166 L573 162 L578 162 L582 160 ', 2, 7),
(11, 0, 'M439 71 L439 72 L442 77 L443 82 L443 86 L446 93 L446 96 L447 103 L449 109 L449 114 L450 119 L451 123 L451 127 L451 130 L451 135 L451 138 L451 139 L451 141 L451 143 L450 146 L448 148 L445 151 L444 154 L441 156 L440 156 L436 161 L432 167 L427 172 L425 174 L422 177 L419 180 L416 180 L411 183 L408 185 L405 186 L403 187 L402 188 L401 190 L397 192 L390 198 L386 200 L385 201 L383 203 L381 205 L380 206 L380 207 L380 210 L381 210 L387 212 L397 214 L410 217 L419 219 L424 219 L428 220 L429 220 L430 220 L432 220 L433 220 L434 220 L435 220 L436 221 L436 222 L436 225 L436 232 L438 241 L438 248 L438 253 L438 255 L438 258 L438 260 L438 262 L438 265 L438 268 L439 272 L439 273 L440 277 L440 278 L441 281 L443 282 L444 283 ', 2, 7),
(11, 1, 'M385 288 L386 288 L400 288 L408 288 L427 288 L444 288 L457 288 L471 288 L492 288 L502 288 L513 288 L523 288 L530 288 L535 288 L541 288 L544 288 L548 288 L550 288 L551 288 L554 288 L555 288 L559 288 L566 288 L571 288 L572 288 ', 2, 7),
(11, 2, 'M400 289 L400 289 L394 294 L393 295 L393 299 L393 304 L393 309 L393 312 L393 315 L393 320 L393 326 L398 338 L402 345 L407 352 L415 362 L419 366 L423 370 L426 372 L430 375 L432 376 L438 379 L444 380 L453 381 L466 383 L483 383 L497 383 L509 383 L518 383 L527 383 L537 383 L543 383 L551 383 L564 379 L572 377 L573 375 L575 374 L578 373 L579 372 L580 372 L581 371 L584 369 L583 367 ', 2, 7),
(11, 3, 'M475 96 L475 96 L468 102 L467 114 L467 124 L465 135 L465 145 L465 152 L465 158 L465 160 L467 163 ', 2, 7),
(11, 4, 'M477 104 L477 104 L479 102 L481 102 L485 101 L493 100 L500 100 L511 100 L527 100 L540 100 L548 100 L554 100 L556 100 L557 100 L559 100 L560 101 L560 102 L561 106 L561 111 L562 119 L562 126 L562 133 L562 140 L562 144 L562 148 L562 149 L562 150 L561 151 L560 151 L558 151 L556 151 L552 151 L547 151 L540 151 L535 151 L525 151 L519 149 L512 149 L505 149 L502 149 L498 149 L496 149 L493 149 L490 149 L487 149 L483 149 L481 149 L480 149 L479 149 L478 149 L476 149 L475 149 L474 149 L473 151 ', 2, 7),
(11, 5, 'M568 129 L568 129 L575 128 L582 126 L589 126 L602 126 L612 126 L621 126 L628 126 L635 126 L640 126 L645 126 L646 126 L648 126 L649 126 L650 127 L650 129 L650 131 L650 136 L650 142 L650 144 L651 150 L651 153 L651 154 L651 155 ', 2, 7),
(11, 6, 'M436 89 L436 89 L436 88 L436 87 L436 86 L436 83 L436 80 L433 76 L431 73 L424 71 L415 68 L398 63 L396 63 L387 62 L378 60 L368 59 L357 57 L348 56 L341 56 L332 56 L324 56 L317 56 L311 56 L310 57 ', 2, 7),
(11, 7, 'M474 83 L479 83 L484 82 L484 81 L484 80 L485 76 L485 73 L478 66 L472 62 L468 60 L467 57 L466 52 L463 50 L458 47 L456 45 L449 42 L445 41 L437 39 L433 38 L428 34 L419 34 L411 34 L400 34 L393 34 L388 34 L384 34 L382 34 L375 34 L368 34 L366 34 L362 34 L361 34 L359 36 ', 2, 7),
(3, 0, 'M806 177 L806 179 L806 180 ', 5, 5),
(5, 0, 'M150 82 L150 82 L150 84 L150 86 L150 96 L150 117 L157 155 L187 211 L222 271 L242 297 L248 303 L250 305 L259 305 L273 305 L287 298 L303 278 L322 252 L331 231 L339 209 L339 188 L334 171 L323 160 L313 160 ', 2, 7),
(1, 22, 'M658 214 L658 215 L658 217 L658 223 L658 229 L660 235 L666 239 L674 243 L682 245 L692 246 L704 246 L718 246 L723 245 L726 245 L727 245 L728 244 L729 244 L729 245 L730 247 L732 252 L736 257 L739 261 L745 265 L747 265 L752 267 L756 267 L760 268 L762 269 L763 269 L765 269 L767 271 L769 274 L772 276 L774 277 ', 0, 0),
(8, 0, 'M456 41 L456 42 L454 55 L454 57 L453 63 L452 67 L452 72 L452 75 L452 80 L452 82 L452 85 L452 88 L451 91 L451 94 L449 98 L449 100 L449 103 L449 107 L449 109 L449 113 L449 119 L448 125 L447 130 L444 139 L443 145 L443 151 L443 156 L443 161 L442 166 L439 173 L438 177 L438 182 L438 184 L438 187 L438 190 L438 193 L438 194 L438 194 L438 195 L438 196 L438 198 L438 199 L438 200 L438 201 L438 203 L438 204 L438 205 L438 206 L438 207 L438 208 L437 210 L437 211 L437 212 L437 213 L437 214 L437 215 L437 217 L436 218 L435 219 L435 222 L434 223 L434 224 L433 226 L433 227 L431 231 L431 232 L430 233 L430 235 L429 237 L429 240 L426 244 L426 245 L425 247 L424 249 L422 253 L421 255 L421 256 L421 257 L420 259 L419 260 L418 261 L417 262 L417 263 L416 265 L414 266 L413 266 L412 268 L412 269 L411 270 L410 270 L413 272 L414 272 L418 272 L422 272 L428 274 L431 274 L432 275 L433 275 L434 275 L435 275 L436 275 L437 275 L438 275 L439 275 L440 275 L441 275 L443 275 L444 275 L445 275 L449 275 L464 275 L480 275 L490 275 L491 275 ', 2, 7),
(8, 1, 'M486 275 L487 276 L487 287 L486 293 L486 301 L486 307 L486 311 L486 315 L486 318 L486 319 L486 322 L486 326 L486 330 L486 332 L486 334 L486 335 L486 337 L485 338 L485 339 ', 2, 7),
(8, 2, 'M430 342 L431 342 L440 342 L448 340 L459 339 L470 339 L478 339 L480 339 L481 339 L482 339 L488 338 L495 338 L501 338 L506 338 L507 338 L509 338 L512 338 L517 338 L521 338 L526 338 L529 338 L531 338 L535 338 L543 338 L547 338 L553 338 L559 338 L565 338 L571 338 L573 338 L575 338 L578 338 L581 338 L588 338 L591 338 L592 338 ', 2, 7),
(8, 3, 'M429 342 L429 343 L429 355 L429 361 L429 366 L429 369 L429 374 L430 377 L432 379 L433 381 L434 382 L435 383 L437 388 L440 390 L445 395 L451 400 L454 402 L456 404 L457 404 L459 406 L461 407 L464 409 L465 409 L469 411 L472 412 L477 414 L480 414 L482 415 L483 416 L485 417 L486 417 L490 418 L494 418 L500 419 L507 421 L513 422 L514 422 L517 422 L520 422 L522 422 L527 422 L530 422 L535 422 L538 422 L543 422 L544 422 L546 422 L547 422 L551 422 L558 422 L565 422 L570 422 L574 422 L576 422 L582 421 L584 421 L587 421 L587 420 L591 420 L597 417 L601 417 L602 417 L603 417 L604 417 L606 417 L610 417 L613 416 L614 416 L615 416 L616 416 L617 415 L619 413 L620 412 ', 2, 7),
(8, 4, 'M453 127 L453 130 L453 142 L453 151 L453 159 L453 166 L453 171 L453 174 L453 175 L452 178 L452 179 ', 2, 7),
(8, 5, 'M449 128 L450 128 L456 127 L457 127 L463 127 L474 127 L504 127 L524 127 L541 128 L550 129 L559 129 L571 133 L577 133 L584 134 L586 135 L588 135 L589 135 L590 135 L591 135 L591 136 L591 137 L591 139 L591 141 L591 143 L591 150 L591 157 L591 163 L587 171 L584 177 L583 179 L583 180 L582 182 L579 185 L576 185 L573 185 L569 185 L555 185 L535 185 L524 185 L518 184 L515 184 L513 184 L512 184 L509 184 L502 183 L491 182 L483 180 L469 176 L461 173 L460 173 L458 173 L455 173 L451 173 L450 173 L449 172 L449 169 ', 2, 7),
(8, 6, 'M588 157 L589 157 L598 156 L602 153 L607 153 L615 152 L633 147 L653 145 L674 145 L683 145 L691 145 L697 145 L700 145 L701 145 L702 145 L702 147 L702 150 L702 155 L704 162 L705 172 L707 182 L710 189 L711 194 L711 196 ', 2, 7),
(8, 7, 'M452 70 L452 70 L452 63 L448 54 L445 46 L440 41 L431 35 L418 30 L408 27 L402 25 L399 25 L394 24 L388 24 L380 24 L375 24 L374 24 L373 24 ', 2, 7),
(8, 8, 'M479 61 L479 61 L481 57 L481 54 L481 51 L481 46 L475 38 L470 32 L464 27 L463 27 L462 26 L461 26 L459 26 L457 26 L454 25 L450 23 L449 23 L448 23 ', 2, 7),
(8, 9, 'M523 56 L523 56 L519 40 L514 32 L508 26 L497 17 L492 14 L487 12 L481 12 L472 12 L469 12 L468 12 L465 12 L464 12 L464 13 L461 14 L460 14 ', 2, 7),
(8, 10, 'M552 53 L552 53 L556 49 L556 42 L556 36 L556 31 L555 26 L551 20 L545 16 L536 12 L529 10 L525 8 L524 8 L523 8 L522 8 L521 8 L520 8 L519 8 L518 8 L517 8 L516 8 L512 8 L511 8 L510 9 ', 2, 7),
(8, 11, 'M600 55 L600 55 L600 40 L600 31 L597 21 L593 12 L589 5 L583 1 L577 -2 L567 -7 L560 -9 L553 -11 L551 -12 L550 -12 ', 2, 7),
(8, 12, 'M646 42 L646 42 L646 24 L643 17 L638 10 L630 5 L622 0 L619 -1 L618 -1 L616 -1 L614 -1 L614 0 ', 2, 7),
(8, 13, 'M691 41 L694 42 L694 36 L696 32 L696 25 L696 15 L696 6 L694 -1 L687 -12 L676 -20 L666 -27 L660 -32 L659 -32 L658 -32 L657 -32 L652 -31 L649 -27 ', 2, 7),
(8, 14, 'M593 422 L593 422 L590 448 L590 461 L590 465 L590 468 L588 471 L587 474 L587 475 L587 476 ', 2, 7),
(8, 15, 'M771 63 L771 65 L760 91 L759 98 L752 119 L746 141 L744 162 L738 195 L737 213 L737 235 L737 258 L737 277 L737 297 L737 317 L737 335 L737 351 L737 365 L737 381 L737 396 L737 419 L737 430 L737 437 L737 445 L737 448 L737 450 L737 451 L737 452 L737 453 L737 456 L738 459 L738 462 L738 465 L738 466 L738 467 L739 468 L739 469 L740 470 L740 470 L741 471 ', 2, 7),
(11, 8, 'M503 68 L504 68 L505 68 L511 69 L512 69 L513 69 L513 68 L508 61 L496 53 L488 45 L481 41 L476 35 L472 31 L470 29 L466 27 L465 26 L462 25 L459 25 L456 25 L448 23 L447 23 L446 23 L443 23 L437 23 L434 23 L429 23 L426 23 L424 23 ', 2, 7),
(11, 9, 'M537 64 L537 64 L539 64 L542 60 L540 53 L538 51 L531 47 L525 41 L520 38 L516 35 L512 33 L509 29 L505 26 L503 25 L496 22 L495 22 L494 20 ', 2, 7),
(11, 10, 'M586 75 L590 75 L591 71 L591 66 L591 61 L591 56 L591 49 L589 43 L581 34 L578 30 L576 26 L574 24 L570 21 L563 19 L560 17 L557 17 L553 15 L545 12 L541 10 L532 9 ', 2, 7),
(11, 11, 'M49 165 L49 165 L54 165 L56 164 L63 164 L76 164 L86 164 L95 164 L100 164 L104 164 L106 164 L111 164 ', 2, 7),
(11, 12, 'M48 183 L51 185 L58 185 L69 187 L78 187 L88 187 L99 187 L103 187 L105 187 L107 185 L111 183 L116 181 L120 179 L122 178 L122 177 ', 2, 7),
(11, 13, 'M87 168 L87 170 L87 183 L87 190 L87 204 L87 214 L87 225 L87 233 L89 244 L89 251 L90 258 L92 263 L92 264 L93 265 L94 265 L94 261 ', 2, 7),
(11, 14, 'M90 209 L90 209 L76 214 L75 216 L63 221 L59 225 L56 228 L55 229 L54 230 L53 232 L55 230 ', 2, 7),
(11, 15, 'M90 206 L91 206 L95 206 L97 206 L106 208 L121 215 L133 221 L134 230 L141 233 L144 234 L146 234 ', 2, 7),
(11, 16, 'M149 159 L149 161 L154 172 L157 177 L164 189 L166 191 L169 194 L170 194 L173 194 ', 2, 7),
(11, 17, 'M236 163 L238 164 L225 176 L201 186 L185 195 L164 200 L160 201 L159 201 L158 201 ', 2, 7),
(11, 18, 'M179 162 L179 162 L180 175 L180 188 L180 197 L174 210 L168 221 L163 230 L157 238 L156 240 L154 244 L150 248 L149 250 L146 252 L145 252 L145 251 L145 249 ', 2, 7),
(11, 19, 'M175 215 L177 215 L184 223 L198 242 L204 252 L211 261 L222 268 L226 273 L230 274 L231 274 L231 275 L227 275 L222 277 ', 2, 7),
(11, 20, 'M96 315 L96 315 L96 318 L100 329 L100 340 L103 352 L104 361 L106 372 L106 377 L107 379 L107 383 L107 385 L107 386 L107 387 L108 389 L109 388 L110 386 ', 2, 7),
(11, 21, 'M104 326 L104 326 L104 324 L104 323 L107 320 L117 319 L130 317 L144 315 L166 312 L175 310 L190 309 L193 309 L194 308 L196 308 L197 308 L198 308 L199 308 L200 309 L200 312 L200 321 L200 325 L200 338 L200 345 L200 350 L200 354 L200 358 L200 365 L200 370 L200 374 L200 376 L200 377 L200 378 L200 377 L198 375 ', 2, 7),
(11, 22, 'M121 382 L121 382 L126 382 L128 382 L137 382 L152 382 L161 381 L173 381 L182 381 L187 381 L191 381 L193 381 L195 381 L199 381 L201 381 L203 381 L204 381 L205 381 ', 2, 7),
(11, 23, 'M171 265 L171 266 L171 276 L171 289 L173 302 L174 310 L176 321 L177 332 L179 342 L179 351 L180 360 L182 366 L182 368 L182 375 L183 379 L183 386 L183 391 L183 397 L183 402 L183 406 L180 411 L180 416 L179 421 L174 432 L173 433 L173 436 L173 440 L173 442 L172 443 L172 445 L172 446 L172 448 L171 450 L171 453 L171 454 L171 455 L172 455 L173 455 L173 452 ', 2, 7),
(11, 24, 'M734 21 L734 22 L727 29 L723 32 L711 41 L707 45 L704 47 L700 51 L701 51 L702 51 L703 51 L707 51 L708 51 L712 51 L714 51 L715 51 L714 54 L707 61 L706 62 L697 71 L692 78 L691 82 L687 86 L687 87 L687 89 L690 89 L696 89 L704 89 L713 87 L725 82 L733 82 L736 81 L738 81 L739 81 L740 81 L740 82 L740 84 L740 86 L739 99 L739 108 L739 115 L739 122 ', 2, 7),
(11, 25, 'M687 129 L687 132 L685 140 L685 142 L684 150 L684 161 L684 168 L684 171 L684 172 L682 173 L683 173 L684 170 L691 166 L697 157 L702 151 L710 142 L716 139 L717 138 L717 139 L717 141 L717 144 L717 149 L717 155 L716 159 L714 162 L714 163 L715 165 L717 165 L720 163 L724 159 L729 153 L733 148 L736 144 L737 143 L738 142 L738 145 L738 146 L738 147 L738 148 L738 150 L738 153 L738 155 L738 157 L738 159 L738 161 L738 162 L738 165 L738 166 L741 167 ', 2, 7),
(11, 26, 'M821 27 L821 27 L814 27 L810 27 L803 30 L794 32 L790 34 L783 37 L782 38 L778 41 L777 42 L776 45 L775 48 L775 50 L773 54 L773 61 L773 66 L775 75 L775 80 L778 89 L780 96 L781 103 L783 108 L783 111 L784 112 L785 113 L786 113 ', 2, 7),
(11, 27, 'M772 62 L772 62 L773 61 L774 60 L776 57 L779 56 L781 55 L783 55 L792 52 L799 49 L804 48 L808 47 L809 47 L812 47 L813 47 L815 47 L818 47 L822 51 L827 57 L829 64 L835 75 L838 84 L839 89 L840 96 L842 103 L845 110 L845 115 L845 118 L845 120 L845 121 ', 2, 7),
(11, 28, 'M800 72 L800 72 L795 73 L787 77 L781 81 L777 85 L774 89 L771 93 L770 95 L770 96 L775 96 L782 96 L789 94 L800 91 L807 90 L810 90 L811 90 L812 90 L813 89 L814 89 L811 90 L807 93 L800 96 L791 103 L783 109 L781 111 L778 113 L779 114 ', 2, 7),
(11, 29, 'M786 79 L786 79 L790 81 L796 91 L802 98 L804 102 L806 104 L808 106 L809 106 L810 107 L812 108 L813 109 L815 110 L814 111 L812 111 ', 2, 7),
(11, 30, 'M775 117 L776 117 L780 118 L790 118 L797 118 L802 118 L809 118 L813 118 L820 118 L824 118 L829 118 L832 118 L833 118 L834 118 L835 118 ', 2, 7),
(11, 31, 'M772 143 L772 143 L767 149 L766 153 L763 162 L760 170 L757 179 L755 184 L754 187 L754 185 ', 2, 7),
(11, 32, 'M797 148 L797 149 L797 156 L795 161 L793 167 L792 174 L792 178 L792 180 L792 184 L795 187 L803 187 L820 187 L834 187 L849 187 L859 187 L867 181 L871 172 L871 160 L871 149 L867 143 L863 142 ', 2, 7),
(11, 33, 'M835 141 L835 142 L840 147 L843 150 L850 156 L853 158 L856 161 L858 161 L859 161 L860 161 ', 2, 7),
(11, 34, 'M893 137 L893 138 L895 148 L897 153 L900 159 L902 165 L903 168 L903 170 ', 2, 7),
(11, 35, 'M749 243 L749 243 L767 236 L779 235 L792 233 L802 233 L811 233 L826 233 L832 234 L844 241 L847 243 L849 247 L849 257 L847 266 L841 274 L831 283 L827 289 L823 293 L822 295 L821 296 L820 297 L817 295 L816 295 ', 2, 7),
(11, 36, 'M801 261 L801 261 L789 266 L778 275 L770 284 L758 298 L745 312 L732 327 L725 336 L722 340 L719 344 L718 345 L717 346 ', 2, 7),
(11, 37, 'M766 343 L768 345 L766 360 L763 370 L763 377 L763 380 L762 384 L762 386 L762 387 L762 390 L761 393 L760 394 L760 395 L761 395 L762 394 L762 393 ', 2, 7),
(11, 38, 'M774 347 L774 347 L774 346 L775 345 L782 343 L789 342 L799 342 L810 342 L817 342 L819 342 L820 342 L822 342 L823 343 L824 345 L825 346 L825 347 L825 348 L825 349 L825 352 L825 354 L825 356 L825 359 L825 360 L825 365 L825 370 L824 375 L822 377 L821 381 L820 382 L820 383 L820 385 L819 386 L817 386 L816 386 L811 387 L802 389 L797 389 L793 389 L790 389 L788 389 L783 389 L776 389 L773 389 L770 389 L769 388 L768 388 L767 388 L766 388 L763 388 L758 388 L755 388 L750 388 ', 2, 7),
(12, 0, 'M157 129 L159 133 L169 131 L173 129 L179 127 L185 125 L190 123 L213 111 L218 110 L237 103 L241 102 L246 102 L249 101 L251 100 L252 99 L254 99 L255 99 L256 98 L257 98 L257 97 L258 97 L259 96 L260 96 L261 96 L261 95 L262 95 L263 95 L264 95 L265 95 ', 2, 7),
(12, 1, 'M158 128 L158 129 L158 131 L158 135 L158 142 L158 151 L158 159 L158 169 L158 179 L158 192 L157 207 L155 226 L154 245 L154 259 L153 272 L153 285 L152 305 L151 315 L151 320 L151 324 L151 327 L151 330 L151 335 L152 339 L153 346 L154 353 L154 360 L154 366 L154 372 L155 375 L155 377 L155 379 L155 380 L155 382 L155 383 L156 384 L156 385 L156 386 ', 2, 7),
(12, 2, 'M151 257 L151 257 L152 257 L154 256 L156 256 L160 255 L165 254 L169 254 L173 254 L177 253 L182 252 L186 251 L192 249 L199 248 L204 247 L210 246 L216 245 L219 244 L221 244 L223 244 L225 244 L226 244 L228 244 L229 244 L230 244 L231 243 L232 243 L233 243 L234 243 L236 242 L238 241 L241 241 L244 240 L246 239 L247 239 L248 239 L249 239 ', 2, 7),
(12, 3, 'M322 167 L322 167 L321 174 L320 181 L319 189 L319 198 L319 210 L318 222 L318 234 L318 247 L318 258 L319 267 L320 277 L320 285 L320 293 L321 300 L321 306 L322 312 L323 319 L325 324 L326 328 L327 332 L328 335 L329 338 L330 340 L331 341 L331 343 L333 345 L335 347 L337 349 L340 352 L343 353 L346 356 L349 358 L352 359 L355 360 L358 361 L362 362 L367 362 L372 362 L379 362 L387 362 L395 362 L402 360 L409 357 L415 352 L421 347 L426 342 L430 337 L433 333 L435 329 L438 324 L440 319 L442 315 L444 310 L446 305 L447 299 L448 293 L448 289 L449 283 L449 278 L449 272 L449 268 L448 262 L447 257 L446 250 L445 243 L444 236 L442 229 L441 225 L440 218 L438 213 L437 210 L436 207 L436 206 L435 204 L434 203 L433 201 L433 197 L432 191 L431 185 L430 180 L429 176 L428 172 L427 170 L427 169 L427 168 L427 167 ', 4, 7),
(12, 4, 'M600 223 L600 223 L583 220 L576 219 L571 218 L562 217 L554 217 L549 217 L542 217 L537 217 L532 217 L528 217 L526 217 L525 217 L524 217 L522 217 L520 217 L518 218 L516 220 L514 221 L513 223 L513 225 L512 227 L512 230 L511 234 L510 239 L510 243 L510 247 L510 251 L510 255 L511 258 L513 262 L513 265 L515 269 L517 273 L518 276 L519 280 L520 285 L522 288 L524 291 L524 293 L526 296 L527 297 L528 298 L529 300 L531 301 L533 302 L535 303 L538 303 L543 304 L547 305 L553 306 L557 307 L560 308 L562 308 L565 308 L568 308 L570 308 L573 308 L575 308 L577 308 L579 308 L581 306 L583 305 L586 304 L588 302 L589 301 L591 301 L593 299 L595 298 L596 297 L597 296 L597 295 L598 295 L599 294 L600 292 L601 290 L602 289 L603 287 L603 286 L604 285 L605 283 L606 282 L606 281 L606 280 L606 279 L607 279 L607 278 L608 278 L609 277 ', 5, 7),
(12, 5, 'M630 99 L630 101 L630 103 L631 106 L632 111 L634 128 L635 139 L637 151 L641 165 L648 192 L651 205 L654 218 L656 231 L659 243 L660 255 L661 267 L661 277 L662 289 L662 299 L663 306 L663 312 L664 319 L664 327 L664 335 L665 342 L665 350 L665 353 L665 354 L665 355 L665 356 L665 358 L666 361 L666 363 L666 364 L666 365 L666 366 ', 0, 0),
(12, 6, 'M658 246 L658 246 L658 244 L658 238 L661 227 L668 207 L675 188 L682 168 L691 145 L697 133 L701 122 L704 111 L707 104 L709 97 L709 93 L710 88 L712 84 L714 82 L715 78 L716 76 L717 75 L717 74 L718 74 L718 73 L718 72 L719 72 L720 71 ', 0, 0),
(12, 7, 'M680 182 L680 183 L680 184 L682 186 L685 190 L691 196 L700 204 L709 214 L718 224 L726 234 L733 242 L741 250 L747 256 L752 261 L756 266 L759 271 L762 276 L765 282 L768 290 L771 295 L773 300 L775 303 L777 306 L777 308 L779 309 L780 312 L782 314 L784 316 L786 318 L789 322 L790 324 L791 325 L792 327 L792 328 L793 329 L793 330 L793 331 L793 332 L794 333 L794 334 L795 336 L795 337 L795 338 L796 338 L796 339 L797 340 L798 340 L799 341 L799 342 L801 343 L803 345 L806 348 L810 350 L812 352 L813 352 L813 353 L814 354 ', 0, 0),
(15, 0, 'M200 149 L200 149 L199 147 L198 143 L198 137 L200 130 L204 123 L211 115 L218 106 L227 96 L235 87 L243 79 L250 74 L257 70 L266 67 L272 66 L278 66 L283 66 L288 67 L292 69 L297 70 L300 72 L302 73 L305 73 L307 75 L309 77 L313 81 L317 86 L320 90 L324 95 L328 100 L332 105 L336 110 L339 114 L340 120 L341 127 L342 134 L342 141 L343 146 L343 150 L343 153 L343 157 L343 159 L342 160 L341 161 L339 163 L334 165 L328 168 L324 168 L320 169 L315 170 L311 170 L305 170 L298 170 L293 168 L289 167 L286 166 L285 165 L284 165 L284 163 L284 161 L286 159 L290 156 L293 154 L298 151 L302 150 L307 150 L311 150 L314 150 L316 151 L317 152 L319 153 L320 155 L322 156 L322 158 L324 160 L325 161 L327 163 L327 165 L328 166 L329 168 L330 169 L330 171 L331 173 L331 175 L331 178 L331 180 L331 183 L331 186 L330 188 L330 190 L328 192 L327 194 L323 197 L320 200 L318 202 L315 204 L313 206 L311 209 L307 214 L304 219 L300 224 L297 227 L293 230 L288 233 L284 235 L279 237 L275 239 L270 241 L264 243 L260 245 L256 245 L253 246 L251 247 L250 247 L249 247 L246 247 L245 247 L245 246 L244 246 L244 245 ', 2, 7),
(15, 1, 'M203 177 L203 177 L205 176 L209 176 L212 176 L216 176 L221 176 L227 176 L232 176 L238 176 L243 176 L247 176 L250 176 L252 176 L255 176 L260 176 L264 177 L269 179 L273 181 L278 183 L282 185 L287 187 L291 189 L296 191 L299 193 L303 196 L306 199 L309 201 L312 203 L316 204 L321 206 L327 209 L333 212 L339 215 L343 218 L348 220 L351 220 L354 221 L356 222 L358 223 L361 223 L362 225 L364 226 L366 229 L366 230 L367 231 L368 231 L368 232 L369 232 L369 233 L370 233 L370 234 L372 235 L374 235 L375 236 L376 237 L377 237 L377 238 L378 238 L379 239 L381 239 L383 239 L386 239 L389 239 L394 236 L398 232 L403 227 L409 222 L415 217 L421 213 L428 209 L435 205 L441 202 L447 199 L452 196 L454 195 L456 193 L457 192 L458 190 L461 186 L463 182 L465 177 L465 174 L466 172 L467 170 L467 168 L469 168 L469 167 L471 166 L472 165 L474 165 L475 164 L477 163 L478 163 L479 163 L480 162 L481 161 ', 2, 7),
(15, 2, 'M428 117 L429 117 L430 117 L433 119 L437 122 L442 126 L448 132 L454 138 L460 144 L468 150 L476 157 L486 163 L496 169 L505 174 L512 179 L517 184 L521 189 L525 196 L528 203 L530 208 L531 212 L532 215 L532 219 L533 222 L533 225 L534 228 L534 232 L534 237 L534 244 L532 252 L530 259 L527 267 L525 272 L523 277 L520 280 L518 283 L516 284 L512 285 L506 286 L499 287 L492 288 L484 289 L476 290 L467 290 L459 291 L451 291 L444 291 L440 291 L437 291 L435 291 L434 291 L433 291 ', 2, 7),
(15, 3, 'M485 239 L485 239 L486 238 L487 238 L489 237 L491 236 L495 236 L501 235 L509 234 L519 233 L531 233 L550 231 L563 231 L579 231 L594 231 L606 233 L617 234 L625 235 L629 235 L631 236 L633 236 L633 237 L634 237 L636 239 L638 240 L641 243 L645 245 L647 248 L649 250 L651 251 L651 253 L652 253 L653 255 L656 257 L659 259 L662 262 L665 264 L667 266 L668 267 L669 268 ', 2, 7),
(15, 4, 'M555 358 L555 358 L554 350 L554 342 L554 331 L553 320 L553 308 L553 295 L553 278 L557 255 L561 236 L568 217 L578 198 L590 179 L603 163 L612 151 L621 139 L631 127 L645 110 L657 95 L667 85 L677 77 L686 71 L693 66 L699 62 L703 60 L704 59 L705 59 L706 58 L707 58 L708 58 L709 58 L711 58 L715 60 L720 64 L727 72 L732 79 L736 88 L739 97 L743 108 L745 122 L746 140 L747 163 L747 187 L747 210 L744 230 L740 249 L736 261 L731 272 L726 282 L719 291 L713 299 L705 308 L698 316 L689 321 L682 324 L675 325 L668 325 L663 323 L657 317 L652 303 L642 277 L636 256 L635 236 L636 223 L644 213 L654 204 L670 197 L691 195 L710 195 L735 195 L753 198 L764 201 L771 206 L773 215 L773 227 L768 238 L760 249 L750 259 L738 267 L720 275 L707 278 L692 279 L680 279 L670 276 L662 271 L656 262 L653 250 L653 236 L657 217 L665 202 L678 189 L697 177 L709 174 L721 173 L730 173 L738 178 L741 188 L742 200 L738 219 L723 246 L701 271 L667 297 L636 313 L607 318 L579 317 L553 302 L529 276 L513 245 L505 203 L505 162 L513 124 L525 94 L540 76 L555 69 L568 69 L579 69 L588 78 L593 95 L591 126 L576 167 L554 202 L523 230 L486 246 L455 251 L430 251 L418 247 L413 237 L416 226 L449 202 L476 195 L504 194 L527 196 L544 204 L552 213 L552 222 L543 234 L519 248 L478 261 L440 270 L402 272 L368 268 L344 255 L327 241 L319 218 L320 196 L333 170 L356 142 L378 122 L401 115 L414 115 L424 123 L432 134 L433 156 L426 189 L403 229 L371 270 L330 303 L288 325 L251 330 L218 330 L195 320 L181 303 L175 256 L181 237 L191 228 L205 222 L222 222 L242 228 L251 236 L256 248 L256 264 L250 284 L238 303 L221 319 L200 329 L185 330 L172 330 L163 325 L159 315 L166 293 L177 284 L200 277 L222 275 L241 278 L255 283 L262 290 L264 299 L262 308 L250 320 L234 331 L211 339 L190 339 L168 334 L150 324 L141 315 L137 304 L139 294 L148 282 L164 271 L186 264 L208 264 L227 267 L239 271 L246 279 L247 288 L243 298 L236 308 L222 317 L205 324 L192 325 L180 325 L171 323 L167 317 L167 310 L167 304 ', 2, 7),
(15, 5, 'M693 137 L693 137 L707 135 L726 132 L759 129 L795 129 L828 131 L857 136 L882 144 L894 149 L901 153 L906 155 L908 157 L906 158 L898 158 L887 158 L867 150 L838 133 L805 111 L775 88 L752 68 L739 55 L734 48 L730 43 L729 42 L729 41 L732 41 L740 44 L753 51 L773 66 L793 83 L810 103 L819 119 L823 129 L825 137 L825 143 L821 147 L813 148 L804 148 L795 145 L786 138 L781 128 L775 117 L773 109 L773 102 L778 97 L786 96 L795 96 L805 97 L812 102 L817 107 L821 113 L822 119 L822 122 L822 124 L821 126 L820 127 L818 127 L817 127 L817 128 L816 130 L815 131 L815 132 L813 132 L811 132 ', 2, 7),
(15, 6, 'M807 132 L807 132 L806 127 L801 120 L797 112 L791 104 L783 98 L776 94 L766 90 L758 89 L750 88 L739 88 L727 90 L714 92 L695 96 L674 98 L654 100 L632 101 L613 101 L593 101 L581 101 L568 101 L556 101 L546 101 L536 100 L528 99 L522 98 L519 98 L516 98 L514 98 L514 97 L512 96 L506 93 L497 89 L486 86 L473 82 L461 80 L451 79 L437 79 L427 78 ', 2, 7),
(15, 7, 'M376 92 L376 92 L374 93 L372 93 L371 93 L371 94 L371 97 L374 102 L377 110 L380 119 L385 130 L389 138 L392 145 L395 151 L395 154 L396 156 L397 158 L397 159 L397 160 L397 162 L397 164 L397 167 L397 171 L394 176 L392 179 L388 184 L385 189 L380 194 L375 198 L371 200 L368 203 ', 2, 7),
(15, 8, 'M306 222 L306 222 L302 223 L295 224 L288 224 L283 224 L275 225 L268 225 L260 225 L252 225 L245 225 L236 225 L228 224 L217 223 L206 222 L195 221 L185 221 L177 220 L165 218 L155 217 L143 214 L132 211 L121 205 L110 200 L103 196 L95 191 L92 189 L91 188 L90 187 L88 183 L86 177 L84 171 L81 161 L78 152 L73 138 L68 119 L64 106 L61 93 L58 82 L56 74 L55 66 L55 61 L55 57 L56 54 L60 52 L64 51 L71 51 L78 54 L85 61 L93 70 L98 78 L102 90 L103 100 L103 109 L102 120 L97 127 L89 134 L79 139 L72 141 L63 142 L56 142 L49 140 L43 135 L39 128 L38 117 L38 108 L40 98 L45 87 L51 80 L61 73 L72 69 L81 68 L92 68 L102 69 L113 74 L123 82 L130 92 L134 103 L134 114 L133 123 L127 131 L119 138 L109 144 L98 147 L90 148 L81 148 L75 147 L71 142 L69 135 L70 127 L75 117 L83 110 L93 103 L104 100 L115 99 L123 99 L130 102 L133 104 ', 2, 7),
(15, 9, 'M113 191 L113 191 L113 192 L113 193 L113 194 L112 196 L111 199 L110 202 L107 207 L104 212 L99 219 L94 224 L89 227 L84 230 L81 232 L79 233 L77 233 L76 234 L74 235 L72 235 L71 236 L68 237 L66 239 L64 240 L63 240 L62 241 L61 241 L61 242 L60 242 L59 242 L58 242 L58 241 ', 2, 7),
(15, 10, 'M34 205 L37 208 L40 210 L46 211 L54 212 L63 213 L74 214 L86 215 L97 216 L110 216 L123 216 L135 216 L150 217 L163 217 L175 217 L186 217 L194 217 L202 216 L209 214 L215 210 L221 206 L227 202 L232 196 L238 191 L245 183 L252 176 L260 168 L270 159 L280 152 L288 146 L297 140 L304 134 L312 130 L320 126 L328 123 L338 121 L347 120 L357 119 L365 119 L373 118 L380 118 L387 118 L391 118 L394 118 L398 119 L407 121 L418 124 L435 130 L456 134 L470 136 ', 2, 7),
(15, 11, 'M431 187 L431 187 L404 187 L395 187 L383 186 L372 184 L364 182 L353 179 L345 177 L338 174 L329 171 L321 168 L314 166 L305 162 L297 159 L290 156 L281 153 L274 150 L270 148 L265 146 L263 146 L262 145 ', 2, 7),
(15, 12, 'M268 144 L271 145 L276 144 L286 143 L299 142 L318 140 L343 137 L374 133 L402 132 L438 130 L471 130 L501 130 L533 130 L556 131 L574 133 L586 136 ', 2, 7),
(15, 13, 'M525 154 L525 154 L470 156 L455 156 L435 155 L417 153 L402 153 L387 150 L375 150 L362 149 L349 149 L339 148 L327 147 L317 147 L308 146 L300 146 L292 145 L287 145 L282 144 L278 143 L277 143 ', 2, 7),
(15, 14, 'M284 144 L286 145 L295 151 L302 154 L311 157 L322 160 L330 161 L341 162 L351 163 L360 164 L370 165 L378 166 L387 168 L395 172 L401 175 L406 177 L408 179 L409 180 L411 183 L411 185 L411 187 L408 189 L399 192 L389 195 L370 197 L345 197 L325 197 L296 192 L277 185 L267 182 L260 178 L257 173 L257 169 L260 161 L269 154 L280 148 L294 142 L307 140 L321 140 L330 141 L341 146 L349 151 L351 156 L352 160 L352 164 L350 167 L345 169 L338 172 L333 173 L326 174 L319 174 L313 174 L309 173 L308 170 L308 168 L309 166 L315 163 L321 162 L329 162 L337 162 L344 165 L352 169 L355 174 L356 178 L356 184 L354 189 L347 194 L339 199 L332 202 L324 203 L315 201 L308 197 L303 191 L301 184 L301 180 L303 175 L311 172 L319 171 L327 170 L335 170 L342 172 L346 175 L347 180 L347 184 L345 191 L340 199 L335 203 L328 207 L321 207 L317 205 L312 200 L310 193 L310 187 L311 182 L316 177 L322 174 L328 173 L336 173 L342 174 L347 177 L348 182 L348 187 L344 196 L336 205 L326 211 L315 217 L306 218 L297 217 L292 213 L291 208 L291 202 L293 197 L300 192 L307 189 L311 188 L315 187 L318 187 L319 187 L319 189 L319 192 L315 197 L308 202 L298 205 L289 206 L280 206 L272 204 L269 201 L266 196 L265 192 L265 189 L265 186 L267 185 L269 184 L271 183 L271 184 L270 185 L268 186 L267 186 L266 186 L268 187 L272 187 L276 188 L281 189 L283 192 L285 194 L285 196 L285 198 L284 201 L280 203 L273 206 L266 207 L258 207 L251 207 L245 203 L240 197 L238 191 L237 185 L237 180 L239 177 L244 174 L251 173 L256 173 L263 173 L268 176 L269 178 L269 182 L268 189 L264 196 L258 205 L250 211 L244 214 L237 215 L233 214 L230 211 L229 204 L229 196 L231 190 L234 184 L237 181 L239 179 L241 179 L243 179 L245 179 L246 181 L246 187 L246 192 L242 200 L235 206 L228 209 L217 209 L209 204 L202 196 L196 178 L196 165 L201 152 L208 144 L217 139 L223 139 L229 141 L233 145 L236 150 L237 155 L237 161 L236 166 L231 174 L225 178 L217 181 L209 181 L204 180 L199 175 L198 168 L198 161 L200 153 L207 147 L214 143 L224 142 L231 142 L235 144 L239 149 L241 154 L242 159 L241 166 L237 171 L230 176 L223 178 L215 178 L205 177 L198 173 L191 166 L188 157 L188 150 L188 142 L192 137 L197 136 L202 136 L206 136 L210 137 L212 139 ', 2, 7),
(15, 15, 'M155 82 L155 82 L156 80 L157 78 L159 75 L161 74 L165 73 L169 73 L173 73 L178 73 L184 75 L189 78 L191 81 L193 86 L193 90 L193 94 L191 98 L187 99 ', 2, 7),
(15, 16, 'M178 76 L178 76 L185 68 L192 67 L199 67 L206 68 L211 71 L213 74 L214 78 L213 82 L211 86 L196 90 L192 90 L189 88 L188 86 L187 83 L187 80 L187 78 L188 77 L191 77 L194 77 L199 80 L202 85 L202 92 L202 100 L199 109 L196 115 L191 121 L188 123 L186 123 L184 123 L183 117 L182 111 L182 103 L182 95 L182 90 L183 86 L184 84 L186 83 L189 83 L192 85 L195 90 L198 96 L199 103 L199 107 L199 111 L199 114 L199 115 L199 116 L197 116 L196 115 L195 111 L195 105 L195 101 L196 95 L200 91 L207 88 L217 85 L225 84 L235 83 L246 83 L256 83 L266 86 L276 92 L284 97 L290 104 L294 113 L296 119 L297 125 L297 131 L294 136 L290 140 L284 140 L279 140 L272 140 L267 140 L265 137 L264 136 L264 134 L265 130 L270 128 L278 124 L286 122 L295 121 L307 121 L316 121 L329 123 L342 126 L350 129 L358 134 L362 138 L363 142 L364 146 L362 149 L359 152 L354 153 L346 154 L338 154 L337 154 L338 154 L341 152 L348 148 L355 145 L366 140 L380 136 L394 132 L415 128 L440 125 L460 125 L484 125 L507 126 L519 128 L536 132 L548 136 L560 142 L569 147 L577 152 L581 157 L581 160 L581 162 L585 162 L591 162 L601 160 L614 157 L635 153 L661 149 L688 144 L701 142 L713 141 L726 140 L736 139 L744 139 L748 139 L750 138 L752 138 L754 140 L758 142 L763 146 L769 152 L777 160 L782 166 L788 173 L793 179 L798 184 L802 189 L804 191 L806 193 L807 194 L807 195 L809 196 L812 197 L821 199 L832 201 L840 203 L849 204 L856 205 L860 206 L863 206 L866 206 L867 206 L868 206 L869 206 L869 204 L869 199 L868 190 L867 180 L865 168 L864 160 L863 153 L862 147 L862 145 L861 145 L861 144 L861 143 L860 143 L859 143 L857 143 L850 145 L843 148 L832 154 L813 165 L794 178 L770 195 L751 206 L742 212 L735 216 L730 219 L728 219 L728 220 L727 220 L726 220 ', 2, 7),
(15, 17, 'M698 176 L698 178 L710 171 L717 168 L726 164 L736 160 L747 152 L758 144 L791 126 L804 119 L815 112 L825 106 L833 102 L837 100 L842 99 L844 98 L845 97 L846 97 ', 2, 7),
(15, 18, 'M859 49 L859 50 L858 51 L858 52 L858 53 L858 55 L858 57 L859 61 L862 70 L865 78 L869 89 L873 100 L876 110 L881 121 L884 130 L886 139 L888 150 L889 160 L889 168 L890 177 L891 181 L892 183 L892 185 L893 185 L893 186 ', 2, 7),
(15, 19, 'M903 206 L903 206 L899 208 L896 208 L891 209 L882 210 L876 210 L868 211 L861 211 L851 211 L837 211 L827 211 L814 211 L800 211 L787 210 L768 207 L748 205 L735 202 L718 199 L707 194 ', 2, 7),
(15, 20, 'M660 68 L663 73 L668 86 L672 95 L675 105 L680 114 L683 124 L686 131 L689 138 L693 143 L696 148 L701 154 L706 160 L711 167 L718 176 L723 185 L728 193 L733 200 L735 205 L738 210 L741 213 L743 217 ', 2, 7),
(15, 21, 'M755 233 L757 236 L758 239 L760 241 L762 244 L765 248 L767 250 L768 251 L769 253 L770 253 ', 2, 7),
(15, 22, 'M679 251 L679 251 L672 258 L671 260 L669 261 L669 262 L668 261 L666 258 L661 249 L655 241 L646 229 L636 219 L627 210 L618 201 L611 194 L603 187 L594 180 L587 172 L581 166 L573 159 L568 152 L566 150 L563 147 L561 145 L560 145 L560 144 L559 143 L558 143 L558 142 L557 141 L556 140 L556 139 L556 138 L556 136 ', 2, 7),
(15, 23, 'M248 161 L248 161 L307 144 L344 135 L384 126 L432 119 L480 111 L511 108 L547 104 L575 103 L595 104 L610 107 L622 114 L629 121 L633 131 L636 142 ', 2, 7),
(15, 24, 'M493 200 L493 200 L488 201 L486 203 L484 203 L482 204 L482 205 L482 204 L481 202 L480 197 L479 186 L478 174 L478 156 L478 142 L478 129 L478 116 L479 106 L481 97 L483 90 L484 87 L486 84 L487 83 L488 83 L491 83 L492 86 L494 91 L496 98 L499 105 L502 109 L506 115 L509 120 L511 124 L513 129 L514 131 L515 136 L516 140 L516 142 L516 144 ', 2, 7),
(15, 25, 'M371 117 L371 117 L361 118 L358 119 L355 121 L353 121 L351 121 L348 121 L345 121 L342 120 L339 118 L337 114 L335 110 L333 104 L332 98 L331 94 L330 90 L330 87 L330 84 L330 82 L332 81 L335 79 L342 77 L350 75 L357 74 L368 73 L378 73 L388 73 L398 73 L409 74 L417 75 L427 76 L438 77 L446 78 L455 79 L463 80 L469 81 L473 83 L476 84 L478 85 L479 86 L480 86 L480 87 ', 2, 7),
(15, 26, 'M423 42 L423 44 L421 48 L420 49 L420 50 L420 51 L420 52 L420 53 L420 55 L420 57 L419 60 L418 64 L418 69 L417 73 L417 76 L417 78 L417 80 L417 82 L417 85 L417 89 L416 93 L416 101 L415 109 L414 117 L414 125 L413 132 L413 135 L413 137 L413 139 L413 140 L413 141 L413 142 L412 142 L412 143 L411 143 L410 144 L408 145 L406 146 L403 147 L400 148 L397 148 L393 149 L389 149 L385 150 L382 150 L379 150 L377 149 L374 148 L369 145 L366 142 L361 138 L358 132 L356 126 L354 119 L353 111 L352 104 L351 97 L350 91 L349 88 L349 86 L348 85 L348 84 L347 84 L347 83 L347 82 L346 82 L345 80 L343 78 L340 75 L336 72 L330 71 L325 71 L318 71 L311 71 L306 71 L300 72 L296 73 L293 74 L290 75 L289 75 L288 76 L286 78 L283 84 L280 90 L277 98 L274 108 L272 115 L270 123 L269 129 L268 132 L268 135 L268 137 L268 139 L268 140 L268 141 L267 141 L266 143 L263 145 L259 148 L253 151 L248 152 L242 152 L235 152 L228 148 L223 143 L218 135 L214 128 L211 122 L209 118 L208 115 L208 114 L207 113 L206 113 L205 113 L203 113 L198 112 L192 109 L185 105 L177 100 L170 97 L161 94 L154 92 L150 91 L145 90 L143 90 L142 90 L141 90 L140 91 L140 93 L138 99 L137 103 L136 110 L135 115 L135 120 L134 123 L134 126 L134 128 L135 131 L137 135 L138 139 L140 143 L142 148 L143 151 L143 154 L144 156 L145 158 L146 161 L146 163 L147 165 L148 166 L148 168 L148 169 L149 169 L150 170 L150 171 L150 172 L150 173 L150 175 L149 177 L148 180 L148 181 L148 182 L147 183 L146 184 L146 185 L145 185 L143 185 L139 185 L135 185 L129 185 L122 183 L118 182 L112 180 L109 179 L107 178 L105 178 L105 177 L104 177 L104 176 L103 176 L102 176 L102 175 L101 175 L100 174 L100 173 L100 172 L99 171 L99 170 L100 169 L102 168 L104 168 L107 167 L111 166 L116 165 L119 164 L121 164 L122 164 L124 163 L125 163 L125 162 L127 162 L129 162 L133 161 L136 160 L140 159 L145 158 L148 158 L151 158 L154 158 L155 158 L157 158 L159 158 L161 158 L163 159 L165 159 L166 160 L170 162 L173 163 L175 164 L178 165 L180 166 L183 166 L187 168 L191 171 L196 174 L201 175 L203 177 L204 178 L205 178 L206 178 L207 179 L210 180 L212 180 L215 181 L219 181 L222 181 L225 181 L227 181 L228 181 L230 181 L231 181 L231 179 L233 175 L236 169 L240 159 L246 147 L253 136 L261 121 L271 109 L280 100 L291 94 L303 90 L312 89 L323 89 L330 91 L336 94 L341 97 L343 99 L345 102 L347 103 L347 104 L349 105 L350 103 L351 99 L353 94 L356 90 L361 86 L368 83 L375 82 L381 82 L386 82 L391 83 L393 85 L395 87 L397 89 L397 91 L398 92 L399 93 L400 93 L402 92 L404 91 L408 91 L412 91 L417 92 L422 95 L427 98 L432 101 L433 101 L434 102 L434 104 ', 2, 7),
(18, 1, 'M721 131 L721 131 L712 129 L709 129 L708 128 L707 128 L702 128 L688 138 L662 153 L644 163 L637 166 L628 170 L625 171 L628 171 L652 176 L713 195 L752 211 L766 220 L777 228 L783 234 L781 237 L765 238 L741 237 L724 223 L726 172 L766 122 L817 82 L858 65 L883 61 L898 63 L900 72 L894 83 L871 101 L852 114 L841 122 L833 129 L830 134 L830 141 L847 165 L875 226 L880 244 L879 244 L873 236 L868 224 L868 206 ', 2, 1),
(19, 0, 'M219 189 L219 189 L219 187 L221 182 L224 176 L232 167 L246 156 L269 140 L292 128 L346 117 L366 114 L387 114 L409 114 L426 117 L435 125 L443 132 L448 144 L452 157 L455 171 L455 184 L455 199 L450 211 L440 226 L429 235 L419 244 L404 252 L385 258 L365 264 L343 264 L325 264 L312 259 L304 254 L300 250 L300 245 L300 237 L300 227 L302 220 L303 216 L304 211 L307 208 L319 204 L343 201 L368 201 L444 201 L469 201 L494 206 L507 212 L516 220 L519 228 L521 236 L522 247 L522 258 L522 269 L517 278 L512 285 L501 296 L482 306 L461 312 L442 318 L423 322 L409 325 L397 326 L386 326 L379 326 L377 321 L377 312 L382 295 L395 276 L418 258 L443 243 L469 236 L500 228 L527 225 L550 221 L573 220 L594 218 L609 215 ', 2, 7),
(18, 0, 'M263 100 L263 101 L263 107 L263 118 L263 131 L263 146 L263 161 L263 170 L262 176 L261 181 L261 182 L261 182 L263 172 L271 160 L282 145 L289 135 L293 129 L296 126 L297 126 L299 127 L304 132 L308 137 L316 142 L325 146 L341 150 L354 150 L364 144 L373 134 L378 124 L379 115 L379 109 L379 106 L377 104 L376 104 L375 104 L375 112 L375 130 L375 149 L376 170 L377 180 L378 188 L379 192 L380 193 L380 193 L381 193 L384 193 L388 193 L394 193 L402 192 L410 189 L421 186 L430 182 L438 179 L443 177 L447 175 L448 171 L448 168 L441 164 L430 159 L423 157 L416 155 L412 155 L411 157 L411 168 L416 182 L425 198 L433 207 L441 210 L450 211 L456 207 L460 202 L465 195 L467 192 L467 188 L468 187 L468 188 L468 189 L469 190 L469 192 L470 193 L470 192 L470 188 L470 186 L470 187 L471 193 L472 202 L476 218 L478 230 L481 246 L484 258 L487 269 L489 277 L494 290 L497 302 L502 321 L502 319 L502 313 L502 306 L502 293 L502 275 L502 256 L502 238 L502 224 L502 218 L502 213 L502 210 L502 208 L502 209 L502 212 L502 216 L502 223 L506 234 L518 249 L529 267 L541 288 L547 303 L552 314 L555 323 L557 326 L558 326 L559 311 L564 290 L572 273 L577 265 L582 258 L586 258 L587 258 L588 264 L583 275 L575 286 L567 292 L562 298 L561 300 L564 300 L586 300 L613 300 L630 302 L639 309 L643 316 L643 321 L643 323 L642 325 L642 326 L658 326 L684 326 L705 327 L720 328 L730 329 L733 330 L732 330 L733 328 L758 312 L778 294 L785 284 L794 274 L796 271 L754 254 L689 229 L627 203 L582 181 L555 167 L543 160 L530 158 L524 173 L513 212 L494 257 L466 303 L432 344 L386 377 L311 415 L265 430 L205 445 L171 446 L141 443 L126 419 L126 395 L130 375 L136 356 L139 341 L140 333 L140 323 L141 305 L162 264 L234 193 L380 141 L563 131 L728 172 L798 208 ', 2, 7);
INSERT INTO `brush_pic` (`pic_no`, `order`, `path`, `brush_no`, `color_no`) VALUES
(19, 1, 'M661 122 L661 122 L660 122 L652 122 L635 117 L614 106 L591 94 L570 82 L549 67 L540 61 L538 59 L541 59 L556 59 L583 59 L613 63 L643 65 L669 65 L683 67 L689 70 L693 74 L696 83 L699 97 L701 112 L701 129 L696 147 L685 161 L674 173 L662 182 L652 188 L640 195 L624 203 L610 213 L600 219 L593 227 L589 234 L580 239 L577 250 L577 258 L577 262 L580 265 L583 268 L588 272 L598 277 L606 281 L611 283 L618 285 L625 285 L632 285 L643 283 L654 274 L658 266 L660 259 L660 252 L660 247 L654 243 L642 240 L629 237 L612 237 L589 237 L571 237 L566 237 L564 239 L558 243 L549 256 L537 276 L521 299 L510 324 L498 350 L490 373 L482 392 L477 397 L467 399 L457 399 L441 399 L426 398 L407 398 L389 398 L374 397 L362 394 L350 390 L333 381 L313 365 L293 351 L281 337 L275 325 L274 315 L274 304 L274 295 L274 288 L274 281 L274 275 L276 268 L283 257 L291 245 L306 231 L322 220 L340 211 L363 204 L386 204 L410 204 L437 218 L463 236 L478 255 L478 270 L478 279 L474 291 L463 302 L443 316 L418 326 L394 338 L369 347 L297 353 L273 353 L249 353 L226 347 L200 332 L173 314 L147 299 L121 284 L108 271 L108 265 L108 256 L114 246 L126 235 L140 222 L153 212 L169 200 L185 191 L198 182 L205 178 L213 173 L226 172 L248 172 L272 172 L297 188 L325 209 L345 225 L347 236 L347 248 L344 261 L332 278 L318 288 L300 291 L276 293 L252 293 L229 291 L205 282 L182 269 L166 247 L157 224 L149 203 L149 188 L153 175 L166 164 L187 155 L211 150 L307 150 L370 151 L432 159 L464 167 L477 172 L480 177 L481 186 L481 200 L481 217 L473 234 L462 246 L455 252 L451 253 L445 253 L433 246 L412 228 L385 203 L370 177 L369 164 L370 155 L386 145 L410 137 L499 131 L541 131 L583 134 L607 142 L630 149 L654 158 L669 166 L672 173 L673 181 L673 191 L673 202 L673 213 L668 224 L663 229 L650 230 L630 230 L605 218 L510 188 L480 166 L452 141 L443 123 L442 112 L442 102 L441 98 L440 94 L440 93 L439 92 L431 92 L413 96 L368 109 L309 127 L250 150 L234 163 L228 177 L225 194 L223 216 L225 235 L240 256 L263 269 L286 275 L356 281 L380 281 L415 279 L435 268 L460 249 L476 231 L483 213 L487 203 L487 200 L482 197 L468 196 L445 196 L373 200 L317 215 L291 230 L265 249 L254 268 L250 285 L250 298 L254 308 L272 318 L294 322 L318 322 L393 321 L415 315 L440 303 L464 292 L476 284 L480 281 L481 277 L481 275 L478 275 L461 275 L438 279 L413 293 L390 313 L373 337 L370 358 L379 381 L403 402 L501 422 L580 427 L672 418 L754 391 L801 370 L822 355 L827 345 L829 339 L829 331 L829 319 L827 303 ', 1, 7),
(20, 1, 'M316 194 L316 194 L312 194 L311 194 L305 194 L292 188 L272 176 L253 162 L242 148 L239 136 L240 127 L264 117 L311 106 L345 105 L429 105 L468 114 L497 128 L508 141 L514 154 L514 176 L514 198 L506 217 L498 231 L489 247 L476 259 L456 267 L430 272 L400 273 L370 273 L347 273 L325 273 L305 273 L301 273 L299 274 L298 274 L296 274 L294 274 L291 274 L287 274 L283 268 L278 262 L275 258 L273 257 L272 257 L269 257 L266 264 L264 272 L263 285 L266 299 L276 314 L295 330 L314 340 L332 350 L348 353 L368 353 L387 352 L403 344 L410 337 L415 328 L417 320 ', 2, 7),
(21, 0, 'M277 115 L277 117 L276 120 L276 123 L275 127 L275 129 L274 133 L273 137 L272 143 L271 152 L270 162 L269 174 L269 186 L269 200 L267 212 L267 225 L267 238 L267 250 L267 262 L267 271 L267 277 L267 285 L267 292 L267 296 L267 302 L267 306 L268 311 L270 315 L271 320 L273 327 L275 332 L278 338 L282 345 L286 352 L289 359 L292 364 L295 369 L298 373 L301 377 L304 382 L308 387 L312 390 L318 394 L321 396 L325 398 L329 401 L331 402 L335 403 L339 405 L343 406 L348 408 L357 409 L363 411 L370 413 L377 415 L381 417 L387 417 L390 418 L393 418 L394 418 L394 417 ', 2, 7),
(21, 1, 'M645 118 L645 118 L645 128 L644 139 L644 149 L644 157 L644 164 L644 171 L644 178 L644 185 L644 192 L644 201 L644 208 L644 215 L643 224 L641 231 L641 239 L639 245 L637 251 L637 257 L636 262 L636 265 L635 269 L634 271 L633 274 L632 278 L632 281 L631 284 L628 287 L625 294 L623 299 L622 303 L621 305 L620 308 L620 310 L619 312 L619 313 L619 315 L617 316 L617 317 L616 317 L616 318 L614 319 ', 2, 7),
(21, 2, 'M323 319 L327 320 L329 321 L330 321 L331 321 L332 322 L336 322 L339 323 L340 324 L341 326 L341 327 L341 328 L341 329 L341 330 L341 331 L341 332 L341 333 L341 334 L341 335 L341 335 L341 336 L341 339 L341 340 L341 341 L341 342 L341 343 L341 344 L341 345 L341 346 L341 348 L341 349 L341 350 L342 351 L343 352 L343 355 L345 357 L346 358 L349 360 L352 362 L356 365 L359 368 L364 370 L368 371 L373 371 L378 373 L385 375 L391 377 L399 378 L405 379 L409 380 L412 380 L415 380 L419 381 L422 381 L426 382 L429 382 L432 382 L437 382 L441 383 L443 383 L444 383 L447 383 L448 383 L449 383 L450 383 L453 384 L455 384 L456 384 L457 384 L458 384 L459 384 L460 384 L462 384 L463 384 L464 384 L465 384 L467 384 L468 384 L471 384 L472 384 L473 384 L475 384 L477 384 L478 384 L481 383 L483 382 L486 381 L489 380 L493 380 L495 379 L497 378 L499 377 L503 376 L506 376 L509 374 L510 373 L512 371 L512 369 L514 366 L515 364 L515 362 L516 361 L517 360 L518 358 L518 355 L519 353 L520 352 L520 348 L520 348 L520 347 L521 347 L521 344 L521 343 L521 342 L521 341 L521 340 L521 338 L521 337 L521 336 L521 335 L521 334 L521 333 ', 2, 7),
(21, 3, 'M388 415 L389 417 L393 417 L398 417 L405 418 L419 418 L432 418 L445 418 L454 418 L462 418 L469 418 L475 418 L483 418 L489 417 L500 414 L509 410 L517 406 L522 404 L527 401 L528 399 L532 397 L534 395 L536 393 L540 391 L543 389 L545 388 L548 387 L551 386 L555 383 L560 380 L563 378 L567 375 L570 370 L573 368 L577 363 L579 361 L582 358 L583 356 L584 354 L585 352 L586 351 L587 348 L588 346 L588 345 L590 342 L591 340 L593 338 L594 336 L595 334 L598 332 L598 331 L599 330 L600 329 L601 328 L601 327 L602 326 L602 325 L603 324 ', 2, 7),
(21, 4, 'M362 417 L363 418 L368 420 L374 420 L385 422 L397 423 L410 423 L423 423 L432 423 L441 423 L452 423 L461 423 L471 423 L482 423 L491 423 L499 423 L502 423 L506 423 L508 422 L511 421 L516 421 L522 421 L527 420 L530 419 L532 419 L533 418 L535 418 L536 418 L538 418 L539 418 L540 418 L541 417 L544 416 L547 415 L548 414 L549 412 L551 410 L552 407 L554 403 L555 400 L558 397 L559 396 L560 394 L560 391 L561 387 L563 384 L564 382 L564 380 L564 378 L564 376 L564 373 L564 369 L565 365 L566 361 L566 358 L566 357 L567 355 L567 354 L569 352 L570 350 L571 348 L573 346 L575 345 L577 344 L578 342 L580 341 L584 339 L587 337 L591 334 L593 332 L595 331 L596 330 L598 328 L600 326 L602 324 L603 323 L605 320 L607 319 L608 317 L609 316 L610 315 L611 314 L611 313 L612 313 L613 313 L614 311 L615 310 ', 2, 7),
(21, 5, 'M368 321 L368 325 L368 327 L368 330 L368 333 L370 335 L372 339 L378 342 L384 343 L391 344 L395 346 L401 349 L407 351 L416 354 L431 357 L447 362 L463 365 L472 368 L480 370 L486 372 L489 373 L494 374 L500 376 L510 379 L516 381 L520 383 L525 384 L528 385 L529 385 L531 385 L533 385 L538 382 L542 379 L551 375 L560 368 L567 363 L572 359 L574 356 L574 352 L574 348 L574 343 L575 337 L575 332 L575 331 ', 2, 7),
(22, 0, 'M228 114 L228 114 L226 136 L225 151 L224 160 L223 167 L222 171 L222 175 L222 179 L222 182 L222 186 L222 195 L222 204 L222 218 L222 235 L222 252 L224 272 L226 291 L226 309 L226 321 L226 334 L227 342 L228 351 L230 359 L231 366 L233 372 L235 377 L236 381 L237 384 L238 386 L239 388 L239 389 L240 389 L240 390 L241 390 L241 392 L241 393 L242 394 L243 395 L243 396 L244 397 L244 398 L245 401 L247 403 L251 406 L255 409 L260 413 L264 417 L268 420 L273 424 L279 428 L282 431 L287 435 L291 437 L295 440 L299 443 L303 444 L309 446 L316 448 L323 451 L333 451 L345 453 L359 453 L375 453 L387 453 L396 453 L403 453 L411 453 L418 453 L425 455 L434 456 L443 457 L453 458 L462 459 L471 460 L478 461 L487 463 L496 466 L504 466 L514 468 L524 469 L533 470 L543 471 L552 471 L562 471 L569 471 L576 471 L582 471 L585 471 L589 471 L592 471 L595 471 L598 469 L601 466 L604 463 L605 462 L607 460 L610 457 L612 454 L615 450 L616 447 L618 443 L622 440 L624 437 L626 431 L627 428 L629 425 L631 421 L632 417 L633 414 L635 410 L636 405 L637 401 L639 397 L640 394 L641 390 L642 388 L643 386 L643 382 L644 380 L644 378 L645 376 L645 374 L646 371 L646 369 L646 367 L647 366 L647 365 L647 364 L647 362 L647 361 L646 360 L646 359 L645 359 L645 358 L644 357 L642 356 L642 355 L640 354 L638 352 L636 351 L633 351 L629 351 L626 350 L625 350 L624 350 L624 349 L622 348 ', 2, 7),
(22, 1, 'M339 272 L340 273 L340 275 L340 277 L340 281 L340 283 L340 287 L340 291 L340 295 L342 298 L345 302 L348 306 L351 309 L354 312 L356 313 L362 315 L368 317 L375 320 L381 323 L390 327 L399 330 L412 332 L420 334 L429 336 L438 336 L444 337 L453 338 L460 339 L465 339 L471 339 L476 339 L482 339 L486 339 L491 339 L496 340 L500 340 L502 341 L503 341 L506 341 L509 341 L511 341 L513 341 L516 341 L517 341 L519 341 L519 341 L521 341 L525 341 L526 341 L527 341 ', 2, 7),
(22, 2, 'M349 280 L350 280 L352 278 L358 277 L366 277 L376 277 L390 277 L406 277 L423 277 L442 277 L459 277 L473 277 L484 277 L493 277 L498 277 L502 277 L507 277 L513 279 L516 280 L521 281 L526 283 L530 285 L533 285 L534 285 L535 286 L540 288 L556 293 L575 300 L586 302 L593 304 L595 305 L596 305 L598 306 L598 307 L598 308 L598 310 L598 311 L597 313 L596 315 L594 317 L592 320 L591 323 L589 325 L589 328 L587 329 L586 331 L582 335 L579 337 L575 338 L566 340 L559 342 L551 342 L543 344 L533 344 L521 344 L514 344 L513 344 L512 344 L511 344 L510 344 L509 344 ', 2, 7),
(22, 3, 'M485 255 L485 255 L487 255 L490 255 L497 255 L508 255 L523 255 L540 256 L558 260 L574 262 L583 263 L590 264 L591 264 L593 266 L595 267 L598 267 L600 269 L604 271 L610 275 L620 279 L626 282 L627 284 L628 285 L629 286 L629 290 L629 294 L630 300 L630 305 L630 310 L630 314 L631 317 L631 320 L632 324 L632 326 L632 327 L632 331 L632 334 L632 335 L632 337 ', 2, 7),
(22, 4, 'M265 150 L265 150 L263 139 L263 130 L263 121 L265 115 L267 110 L270 109 L276 107 L284 106 L301 106 L328 106 L367 108 L397 116 L426 125 L456 135 L471 143 L476 152 L478 158 L478 164 L478 174 L474 181 L468 186 L454 190 L430 191 L389 191 L355 183 L323 170 L291 156 L261 145 L249 139 L249 138 L251 135 ', 2, 7),
(22, 5, 'M594 162 L594 165 L588 167 L577 168 L564 168 L543 168 L526 165 L516 161 L509 156 L506 150 L503 146 L503 140 L503 135 L507 131 L524 128 L551 125 L632 125 L696 131 L734 136 L759 144 L771 148 L774 151 L774 154 L774 159 L772 164 L761 171 L738 182 L704 187 ', 2, 7),
(23, 0, 'M451 168 L451 168 L440 174 L424 186 L396 207 L360 232 L323 265 L301 287 L291 301 L283 310 L273 316 L263 318 L255 318 L246 318 L244 317 L240 308 L234 289 L230 269 L226 244 L226 217 L229 194 L235 184 L247 176 L264 172 L281 172 L300 172 L335 187 L372 210 L413 243 L507 288 L538 315 L569 336 L599 353 ', 4, 7),
(23, 1, 'M519 139 L519 139 L504 125 L498 121 L497 121 L493 121 L477 129 L451 144 L424 164 L410 178 L401 197 L394 223 L392 255 L392 291 L392 327 L392 362 L392 385 L392 399 L390 406 L389 409 L388 410 L385 412 L380 413 L368 414 L348 414 L324 408 L297 395 L276 379 L266 360 L264 335 L264 312 L264 287 L269 271 L278 258 L293 248 L309 241 L329 239 L356 237 L390 237 L423 237 L455 237 L474 237 L489 235 L501 229 L508 224 L516 215 L519 210 ', 4, 6),
(23, 2, 'M418 110 L418 110 L411 122 L400 146 L393 177 L391 217 L395 261 L414 305 L439 345 L463 385 L475 424 L475 448 L475 451 L475 453 L473 453 L469 453 L453 449 L419 436 L376 403 ', 4, 6);

-- --------------------------------------------------------

--
-- Table structure for table `color`
--

CREATE TABLE IF NOT EXISTS `color` (
  `color_no` int(20) NOT NULL,
  `color` varchar(20) NOT NULL
) ENGINE=MyISAM DEFAULT CHARSET=utf8;

--
-- Dumping data for table `color`
--

INSERT INTO `color` (`color_no`, `color`) VALUES
(0, '#FF0000'),
(1, '#FF8000'),
(2, '#FFFF00'),
(3, '#00FF00'),
(4, '#0000FF'),
(5, '#8A2BE2'),
(6, '#A757A8'),
(7, '#000000'),
(8, '#FFFFFF');

-- --------------------------------------------------------

--
-- Table structure for table `friend`
--

CREATE TABLE IF NOT EXISTS `friend` (
  `user_no` int(20) NOT NULL,
  `friend_no` int(20) NOT NULL,
  `date` timestamp NOT NULL DEFAULT CURRENT_TIMESTAMP ON UPDATE CURRENT_TIMESTAMP
) ENGINE=MyISAM DEFAULT CHARSET=utf8;

--
-- Dumping data for table `friend`
--

INSERT INTO `friend` (`user_no`, `friend_no`, `date`) VALUES
(4, 1, '2014-01-15 02:54:34'),
(1, 4, '2014-01-15 02:55:29'),
(6, 7, '2014-04-25 07:37:18'),
(7, 6, '2014-04-25 07:37:53'),
(6, 4, '2014-05-20 08:03:26');

-- --------------------------------------------------------

--
-- Table structure for table `guess`
--

CREATE TABLE IF NOT EXISTS `guess` (
  `asker_no` int(20) NOT NULL,
  `guess_no` int(20) NOT NULL,
  `topic_no` int(20) NOT NULL,
  `pic_no` int(20) NOT NULL,
  `status` tinyint(1) NOT NULL DEFAULT '0',
  `send_date` timestamp NOT NULL DEFAULT CURRENT_TIMESTAMP ON UPDATE CURRENT_TIMESTAMP,
  `finish_date` timestamp NOT NULL DEFAULT '0000-00-00 00:00:00'
) ENGINE=MyISAM DEFAULT CHARSET=utf8;

-- --------------------------------------------------------

--
-- Table structure for table `mailbox`
--

CREATE TABLE IF NOT EXISTS `mailbox` (
  `mailid` int(20) NOT NULL AUTO_INCREMENT,
  `sender_no` int(20) NOT NULL,
  `receiver_no` int(20) NOT NULL,
  `content` text NOT NULL,
  `time` timestamp NOT NULL DEFAULT CURRENT_TIMESTAMP ON UPDATE CURRENT_TIMESTAMP,
  `check` tinyint(1) NOT NULL DEFAULT '0',
  PRIMARY KEY (`mailid`)
) ENGINE=MyISAM  DEFAULT CHARSET=utf8 AUTO_INCREMENT=14 ;

--
-- Dumping data for table `mailbox`
--

INSERT INTO `mailbox` (`mailid`, `sender_no`, `receiver_no`, `content`, `time`, `check`) VALUES
(1, 1, 0, '123123', '2014-01-15 02:52:30', 0),
(3, 4, 1, 'I Want to Be Your Friend! Here is my Page: <a class="ui tear buttun" target="_parent" href="author.php?no=4">click</a>', '2014-01-15 02:54:34', 0),
(4, 1, 4, 'I Want to Be Your Friend! Here is my Page: <a class="ui tear buttun" target="_parent" href="author.php?no=1">click</a>', '2014-01-15 02:55:29', 0),
(5, 1, 0, 'hey', '2014-01-15 11:30:05', 0),
(6, 6, 0, 'fuck', '2014-04-25 06:54:54', 0),
(8, 6, 7, 'I Want to Be Your Friend! Here is my Page: <a class="ui tear buttun" target="_parent" href="author.php?no=6">click</a>', '2014-04-25 07:37:18', 0),
(9, 7, 6, '<script>', '2014-04-25 07:37:25', 0),
(10, 7, 6, 'I Want to Be Your Friend! Here is my Page: <a class="ui tear buttun" target="_parent" href="author.php?no=7">click</a>', '2014-04-25 07:37:53', 0),
(11, 6, 4, 'I Want to Be Your Friend! Here is my Page: <a class="ui tear buttun" target="_parent" href="author.php?no=6">click</a>', '2014-05-20 08:03:26', 0),
(12, 6, 7, 'who are u?', '2014-05-20 08:04:04', 0),
(13, 7, 6, 'i am fuck! nice to fuck u!', '2014-05-20 08:05:57', 0);

-- --------------------------------------------------------

--
-- Table structure for table `pic_comment`
--

CREATE TABLE IF NOT EXISTS `pic_comment` (
  `order` int(20) NOT NULL,
  `pic_no` int(20) NOT NULL,
  `user_no` int(20) NOT NULL,
  `content` text NOT NULL,
  `time` timestamp NOT NULL DEFAULT CURRENT_TIMESTAMP ON UPDATE CURRENT_TIMESTAMP
) ENGINE=MyISAM DEFAULT CHARSET=utf8;

--
-- Dumping data for table `pic_comment`
--

INSERT INTO `pic_comment` (`order`, `pic_no`, `user_no`, `content`, `time`) VALUES
(1, 1, 4, 'hey', '2014-01-15 02:36:37'),
(2, 0, 0, 'fuck', '2014-04-25 06:55:45');

-- --------------------------------------------------------

--
-- Table structure for table `picture`
--

CREATE TABLE IF NOT EXISTS `picture` (
  `pic_no` int(20) NOT NULL,
  `date` timestamp NOT NULL DEFAULT CURRENT_TIMESTAMP ON UPDATE CURRENT_TIMESTAMP
) ENGINE=MyISAM DEFAULT CHARSET=utf8;

--
-- Dumping data for table `picture`
--

INSERT INTO `picture` (`pic_no`, `date`) VALUES
(1, '2014-01-15 01:30:31'),
(2, '2014-01-15 01:32:01'),
(3, '2014-01-15 01:33:34'),
(4, '2014-01-15 01:42:29'),
(1, '2014-01-15 01:48:16'),
(2, '2014-01-15 01:53:08'),
(1, '2014-01-15 02:35:07'),
(2, '2014-01-15 02:50:30'),
(3, '2014-01-15 05:32:16'),
(4, '2014-01-15 05:34:46'),
(5, '2014-01-15 05:34:50'),
(6, '2014-01-15 14:15:42'),
(7, '2014-01-21 15:46:54'),
(8, '2014-01-21 15:47:00'),
(9, '2014-01-21 15:58:03'),
(10, '2014-04-23 14:47:55'),
(11, '2014-04-25 06:52:25'),
(12, '2014-04-25 07:35:07'),
(13, '2014-04-25 07:36:22'),
(14, '2014-04-25 07:37:06'),
(15, '2014-04-25 07:40:26'),
(16, '2014-05-20 08:02:40'),
(17, '2014-05-22 02:35:53'),
(18, '2014-09-17 03:44:16'),
(19, '2015-01-14 04:30:06'),
(20, '2015-01-14 04:30:39'),
(21, '2015-01-14 04:32:52'),
(22, '2015-01-14 04:33:09'),
(23, '2015-01-16 10:15:57');

-- --------------------------------------------------------

--
-- Table structure for table `rank_history`
--

CREATE TABLE IF NOT EXISTS `rank_history` (
  `user_no` int(20) NOT NULL,
  `order` int(10) NOT NULL,
  `point` int(10) NOT NULL,
  `date` timestamp NOT NULL DEFAULT CURRENT_TIMESTAMP ON UPDATE CURRENT_TIMESTAMP
) ENGINE=MyISAM DEFAULT CHARSET=utf8;

--
-- Dumping data for table `rank_history`
--

INSERT INTO `rank_history` (`user_no`, `order`, `point`, `date`) VALUES
(4, 1, 3, '2014-01-15 02:38:16'),
(4, 2, -2, '2014-01-15 02:38:24'),
(1, 1, -2, '2014-01-15 02:51:35'),
(1, 2, 3, '2014-01-15 02:51:44'),
(5, 1, 3, '2014-01-15 05:34:29'),
(6, 1, 3, '2014-04-25 06:54:05'),
(6, 2, 3, '2014-04-25 06:54:13'),
(6, 3, 3, '2014-04-25 06:54:19'),
(6, 4, 3, '2014-04-25 06:54:25'),
(6, 5, 3, '2014-04-25 06:54:34'),
(6, 6, 3, '2014-04-25 06:54:42'),
(6, 7, -2, '2014-05-20 08:04:21'),
(6, 8, -2, '2014-05-20 08:04:30'),
(6, 9, 3, '2014-05-20 08:04:36'),
(6, 10, 3, '2014-05-20 08:04:41'),
(6, 11, 3, '2014-05-20 08:04:48'),
(6, 12, -2, '2014-05-20 08:04:52'),
(6, 13, 3, '2014-05-20 08:04:58'),
(7, 1, 3, '2014-05-20 08:06:15'),
(7, 2, 3, '2014-05-20 08:06:19'),
(7, 3, 3, '2014-05-20 08:06:28'),
(7, 4, 3, '2014-05-20 08:06:32'),
(7, 5, 3, '2014-05-20 08:06:36');

-- --------------------------------------------------------

--
-- Table structure for table `topic`
--

CREATE TABLE IF NOT EXISTS `topic` (
  `topic_id` int(20) NOT NULL,
  `topic_name` varchar(200) NOT NULL
) ENGINE=MyISAM DEFAULT CHARSET=utf8;

-- --------------------------------------------------------

--
-- Table structure for table `user`
--

CREATE TABLE IF NOT EXISTS `user` (
  `user_no` int(20) NOT NULL AUTO_INCREMENT,
  `name` varchar(200) NOT NULL,
  `account` varchar(20) NOT NULL,
  `password` varchar(20) NOT NULL,
  `reg_date` datetime NOT NULL,
  `last_login` datetime NOT NULL DEFAULT '0000-00-00 00:00:00',
  `elo` int(10) NOT NULL DEFAULT '0',
  PRIMARY KEY (`user_no`),
  UNIQUE KEY `account` (`account`),
  UNIQUE KEY `name` (`name`)
) ENGINE=MyISAM  DEFAULT CHARSET=utf8 AUTO_INCREMENT=12 ;

--
-- Dumping data for table `user`
--

INSERT INTO `user` (`user_no`, `name`, `account`, `password`, `reg_date`, `last_login`, `elo`) VALUES
(1, 'user1', 'u01', '123', '2014-01-15 09:24:37', '2014-01-15 10:50:22', 1),
(2, 'user2', 'u02', '2', '2014-01-15 09:27:55', '0000-00-00 00:00:00', 0),
(3, 'user3', 'u03', '3', '2014-01-15 09:30:12', '0000-00-00 00:00:00', 0),
(4, 'user04', 'u04', '1', '2014-01-15 10:33:58', '2014-01-15 10:52:45', 1),
(5, 'azure', 'azure', 'aaa', '2014-01-15 13:31:35', '0000-00-00 00:00:00', 3),
(6, 'a', 'a', 'a', '2014-04-23 22:47:46', '2014-05-20 16:02:35', 24),
(7, 'fuck', 'fuck', 'fuck', '2014-04-25 15:34:49', '2014-05-20 16:05:14', 15),
(8, 'leoyeh', 'acksinkwung', '@ckspa55w0rd', '2014-05-22 10:25:49', '0000-00-00 00:00:00', 0),
(9, 'aaaa', 'aaaa', 'AAAAA', '2014-09-17 11:43:41', '0000-00-00 00:00:00', 0),
(10, 'hello', 'hello', '123', '2015-01-14 12:29:57', '0000-00-00 00:00:00', 0),
(11, 'asd', 'asd', 'ASD', '2015-01-16 18:15:46', '0000-00-00 00:00:00', 0);

/*!40101 SET CHARACTER_SET_CLIENT=@OLD_CHARACTER_SET_CLIENT */;
/*!40101 SET CHARACTER_SET_RESULTS=@OLD_CHARACTER_SET_RESULTS */;
/*!40101 SET COLLATION_CONNECTION=@OLD_COLLATION_CONNECTION */;
